article,views,rank
Main_Page,4435520,1
Special:Search,1209771,2
Animal_(2023_film),846560,3
Henry_Kissinger,622457,4
Shane_MacGowan,364602,5
Sandra_Day_O'Connor,358423,6
George_Santos,352086,7
YouTube,299062,8
Wikipedia:Featured_pictures,268205,9
Pornhub,192047,10
Cleopatra,150498,11
Deaths_in_2023,140282,12
Sam_Bahadur_(film),118303,13
Cher,115537,14
2024_ICC_Men's_T20_World_Cup,112546,15
Godzilla_Minus_One,108287,16
Lin_Laishram,107195,17
Gavin_Newsom,107124,18
Paolo_Macchiarini,106897,19
XNXX,106717,20
Tripti_Dimri,103561,21
Sam_Manekshaw,102368,22
ChatGPT,98306,23
Furiosa:_A_Mad_Max_Saga,97928,24
Omid_Scobie,96253,25
XVideos,96225,26
Napoleon,94575,27
The_Pogues,92959,28
XHamster,89331,29
Napoleon_(2023_film),88478,30
Salaar:_Part_1_–_Ceasefire,86682,31
Tiger_3,85617,32
Sandeep_Reddy_Vanga,82401,33
Randeep_Hooda,81670,34
Leo_(2023_Indian_film),77408,35
Kirsty_MacColl,75984,36
Mad_Max:_Fury_Road,71719,37
Elon_Musk,71048,38
Saltburn_(film),68849,39
May_December,68047,40
2023_Telangana_Legislative_Assembly_election,68035,41
Facebook,65999,42
India_national_cricket_team,64441,43
Imperator_Furiosa,63099,44
XXX:_Return_of_Xander_Cage,62681,45
Pete_Carroll,62179,46
Christmas_and_holiday_season,61166,47
Jimmy_Carter,60323,48
Anya_Taylor-Joy,60096,49
2023_Israel–Hamas_war,59735,50
Macaulay_Culkin,59517,51
Julia_Roberts,59382,52
Geno_Smith,59119,53
Al_Nassr_FC,57867,54
Australia_national_cricket_team,57600,55
Charlie_Munger,56701,56
Squid_Game:_The_Challenge,55268,57
Bhopal_disaster,53686,58
Taylor_Swift,53555,59
Fairytale_of_New_York,53107,60
XXXTentacion,52558,61
The_Hunger_Games:_The_Ballad_of_Songbirds_&_Snakes,52378,62
Portal:Current_events,52371,63
Timothée_Chalamet,52284,64
Instagram,51733,65
Sex,51507,66
Oppenheimer_(film),50131,67
DK_Metcalf,49590,68
Google_Translate,48502,69
Nutty_Putty_Cave,48498,70
Victoria_Mary_Clarke,48355,71
Wish_(film),47579,72
Mission_Raniganj,47192,73
Kathryn_Bernardo,46927,74
Brenda_Song,46048,75
Candy_Cane_Lane_(film),45339,76
XXX_(film_series),45190,77
J._Robert_Oppenheimer,44747,78
United_States,44712,79
Julianna_Margulies,44686,80
Outlook.com,44358,81
Shaheed_Veer_Narayan_Singh_International_Cricket_Stadium,44012,82
December_1,43149,83
XXXX_(beer),42797,84
Alia_Bhatt,42557,85
Wikipedia,42157,86
Rilmenidine,42038,87
Rashmika_Mandanna,41309,88
Brigit_Forsyth,40915,89
Nancy_Kissinger,40030,90
Raindrop_cake,39762,91
Alistair_Darling,39349,92
Dak_Prescott,39327,93
James_Traficant,38921,94
Brandon_Burlsworth,38714,95
The_Marvels,38480,96
Expulsion_from_the_United_States_Congress,37837,97
Dodi_Fayed,37161,98
Monarch:_Legacy_of_Monsters,37091,99
Daniel_Padilla,37076,100
Naughty_America,37070,101
2023_UK_Championship,36460,102
Jeremy_Allen_White,36410,103
Invincible_(TV_series),36408,104
Killers_of_the_Flower_Moon_(film),36301,105
Kimberly_Guilfoyle,36266,106
Cary_Grant,36081,107
Mad_Max,36056,108
Von_Miller,36039,109
Dionne_Warwick,36008,110
Cristiano_Ronaldo,35961,111
Chithha,35792,112
Mary_Kay_Letourneau,35779,113
New_York's_3rd_congressional_district,35606,114
ICC_Men's_T20_World_Cup,35582,115
WhatsApp,35534,116
Ansel_Adams,35513,117
Jennifer_Siebel_Newsom,35272,118
Ranbir_Kapoor,34847,119
George_Miller_(filmmaker),34242,120
India,33998,121
CeeDee_Lamb,33850,122
Indiana_Jones_and_the_Dial_of_Destiny,33844,123
Jawan_(film),33729,124
Trebuchet,33215,125
Tesla_Cybertruck,33175,126
Thanksgiving_(2023_film),33167,127
Florence_Petty,32647,128
Travis_Kelce,32399,129
Sammy_Gravano,32397,130
File:Flag_of_Singapore.svg,32142,131
Tony_Bellew,31809,132
Donald_Trump,31761,133
Obliterated,31696,134
"Diana,_Princess_of_Wales",31375,135
Paul_Walker,31215,136
Jennifer_Lawrence,31192,137
Babloo_Prithiveeraj,30920,138
Family_Switch,30712,139
Anna_Paulina_Luna,30628,140
Fargo_(season_5),30593,141
Dwayne_Johnson,30474,142
Sweet_Home_(TV_series),30124,143
Andrea_Brillantes,29773,144
Elizabeth_II,29565,145
Flipkart,29539,146
Joe_Biden,29403,147
Jitesh_Sharma,29230,148
List_of_highest-grossing_Indian_films,29154,149
Rosalynn_Carter,29128,150
DaRon_Bland,29066,151
2023_Madhya_Pradesh_Legislative_Assembly_election,29055,152
Premier_League,28991,153
Mohamed_Al-Fayed,28836,154
Jennifer_Garner,28756,155
.xxx,28478,156
Beyoncé,28453,157
Rachel_Zegler,28391,158
UEFA_Europa_League,28275,159
Doctor_Who_(2023_specials),28232,160
Silent_Night_(2023_film),28193,161
Slow_Horses,28177,162
Wordle,28013,163
UEFA_Champions_League,27982,164
Bruce_Willis,27974,165
Wonka_(film),27845,166
Squid_Game,27728,167
Eddie_Murphy,27703,168
Guyana,27661,169
Corey_Perry,27633,170
Ron_DeSantis,27437,171
Sarah_Silverman,27396,172
Viral_video,27024,173
Bobby_Deol,26983,174
Tree_Paine,26950,175
Paris_Hilton,26936,176
Israel,26929,177
Leonard_Bernstein,26844,178
Nikki_Haley,26654,179
Felicity_Huffman,26536,180
Charles_III,26489,181
The_Ballad_of_Songbirds_and_Snakes,26345,182
Realpolitik,26307,183
Joséphine_de_Beauharnais,26186,184
Jesse_Palmer,25962,185
Leave_the_World_Behind_(film),25882,186
Morgan_Freeman,25777,187
Shannen_Doherty,25726,188
The_Creator_(2023_film),25611,189
2023_Rajasthan_Legislative_Assembly_election,25584,190
Dunki_(film),25398,191
Hugh_Jackman,25302,192
Help:IPA/English,25137,193
Selena_Gomez,25136,194
Bigg_Boss_(Hindi_season_17),25126,195
Blue_Eye_Samurai,25109,196
List_of_Hindi_films_of_2023,24951,197
Great_Union_Day,24860,198
Shelley_Hennig,24827,199
Twitter,24826,200
Chaturbate,24697,201
Leo_(2023_American_film),24688,202
World_War_II,24663,203
Matthew_Perry,24550,204
2023–24_UEFA_Europa_League,24432,205
United_Kingdom,24413,206
Garudan_(film),24386,207
Adolf_Hitler,24377,208
Five_Nights_at_Freddy's,24286,209
Christmas,24217,210
Tom_Hanks,24187,211
Immortan_Joe,24131,212
Trolls_Band_Together,24112,213
Cat,24036,214
Barack_Obama,23935,215
The_Hunger_Games,23902,216
Hamas,23883,217
Furiosa_(film),23812,218
Mia_Khalifa,23769,219
Revanth_Reddy,23581,220
Tanveer_Sangha,23562,221
Andrew_Whitworth,23558,222
Lionel_Messi,23390,223
Nancy_Maginnes,23350,224
Richard_Kettleborough,23240,225
The_Twelve_Days_of_Christmas_(song),23084,226
Lethal_Company,23015,227
Barry_Sanders,22990,228
2023_FIFA_U-17_World_Cup,22959,229
John_F._Kennedy,22926,230
XXX_(2002_film),22872,231
Joe_Flacco,22866,232
CM_Punk,22842,233
Richard_Nixon,22833,234
Null,22740,235
Hugh_Keays-Byrne,22730,236
Angiostrongylus_cantonensis,22695,237
Mark_Cuban,22628,238
Chris_Hemsworth,22596,239
Indian_Super_League,22563,240
Zach_Charbonnet,22548,241
Ronnie_O'Sullivan,22526,242
Five_Nights_at_Freddy's_(film),22344,243
Max_Miller_(politician),22319,244
Jujutsu_Kaisen,22244,245
Subbalakshmi,22226,246
Freelance_(2023_film),22066,247
Poor_Things_(film),22033,248
The_Hunger_Games_(film_series),22018,249
Genie_(2023_film),22017,250
Fred_Sirieix,21984,251
Michael_Jackson,21900,252
2023_elections_in_India,21781,253
Elvis_Presley,21763,254
Rinku_Singh_(cricketer),21662,255
Bobby_Petrino,21631,256
Doctor_Who,21612,257
Matt_Rife,21600,258
Russian_invasion_of_Ukraine,21589,259
David_Beckham,21292,260
Eminem,21284,261
Love_Actually,21148,262
State_of_Palestine,21120,263
Emma_Morano,21111,264
World_War_I,21008,265
List_of_goalscoring_NHL_goaltenders,20974,266
Joe_Alwyn,20944,267
2023_Cricket_World_Cup,20899,268
John_Byrne_(playwright),20880,269
2024_United_States_presidential_election,20841,270
Mindy_McCready,20831,271
Sinéad_O'Connor,20798,272
Virat_Kohli,20749,273
Griselda_Blanco,20744,274
Google,20744,274
2023_United_Nations_Climate_Change_Conference,20721,276
The_Equalizer_3,20645,277
My_Demon,20643,278
Andrew_Tate,20591,279
Home_Alone,20506,280
Tom_Burke_(actor),20480,281
Deion_Sanders,20471,282
John_Jay_O'Connor,20460,283
UEFA_Euro_2024,20452,284
Al_Harris_(cornerback),20448,285
Ryan_Shazier,20401,286
Kabir_Singh,20241,287
Fargo_(TV_series),20075,288
Bob_Iger,20036,289
"List_of_United_States_representatives_expelled,_censured,_or_reprimanded",19989,290
Grand_Theft_Auto_V,19965,291
2018_Telangana_Legislative_Assembly_election,19776,292
The_Holdovers,19770,293
Josh_Hutcherson,19755,294
Josh_Giddey,19747,295
Cheddar_Gorgeous,19745,296
Ugramm,19708,297
Jaxon_Smith-Njigba,19583,298
Shirley_Temple,19544,299
George_W._Bush,19529,300
Special:Watchlist,19478,301
The_Killer_(2023_film),19455,302
Ronald_Reagan,19404,303
George_Harrison,19400,304
For_All_Mankind_(TV_series),19400,304
Warren_Buffett,19388,306
Lana_Del_Rey,19363,307
Joaquin_Phoenix,19349,308
Mitchell_Robinson,19267,309
Hannah_Waddingham,19205,310
Jason_Kelce,19171,311
Dolly_Parton,19152,312
OnlyFans,19099,313
Renaissance:_A_Film_by_Beyoncé,19018,314
Amy_Carter,19018,314
Jake_Ferguson,18981,316
Anthony_Bourdain,18971,317
1976_Chowchilla_kidnapping,18947,318
Algebraic_notation_(chess),18923,319
List_of_Marvel_Cinematic_Universe_films,18920,320
Michael_Jordan,18904,321
Natalie_Portman,18897,322
List_of_longest_films_in_India,18851,323
JT_Daniels,18803,324
LeBron_James,18776,325
Mariah_Carey,18740,326
Charles_Melton,18734,327
Gee's_golden_langur,18701,328
Advent_calendar,18688,329
Jude_Bellingham,18651,330
United_States_House_of_Representatives,18647,331
Al_Hilal_SFC,18608,332
Maestro_(2023_film),18588,333
Robbie_Williams,18501,334
The_Railway_Men,18473,335
Australia,18408,336
Bradley_Cooper,18374,337
Animal,18372,338
Elgin_Marbles,18328,339
Dakota_Johnson,18242,340
Tiger_Woods,18241,341
Zionism,18236,342
Arjun_Reddy,18178,343
Mad_Max_(film),18137,344
Jon_Batiste,18124,345
Artificial_intelligence,18109,346
Pidżama_Porno,18107,347
Vietnam_War,18100,348
Curt_Cignetti,18011,349
Arnold_Schwarzenegger,18004,350
Albert_Einstein,17999,351
Aruba,17985,352
2023_Dutch_general_election,17964,353
United_Arab_Emirates,17963,354
Aquaman_and_the_Lost_Kingdom,17963,354
Saurabh_Sachdeva,17949,356
Battle_of_Waterloo,17912,357
Benjamin_Netanyahu,17895,358
Russia,17875,359
Liam_Neeson,17867,360
Microsoft_Office,17851,361
Michael_Myers_(Pennsylvania_politician),17850,362
World_AIDS_Day,17810,363
Kenneth_Branagh,17761,364
List_of_Doctor_Who_episodes_(2005–present),17729,365
Young_Sheldon,17724,366
China,17656,367
1988_Ordzhonikidze_bus_hijacking,17559,368
Josie_Gibson,17533,369
Riley_Keough,17485,370
If_I_Should_Fall_from_Grace_with_God,17454,371
2023–24_UEFA_Champions_League,17427,372
Vijayakanth,17384,373
Lisa_Marie_Presley,17380,374
Manchester_United_F.C.,17319,375
Bill_Clinton,17290,376
Krampus,17280,377
Ridley_Scott,17244,378
Thank_You_for_Coming,17233,379
Gerald_Ford,17222,380
Scarlett_Johansson,17199,381
List_of_countries_by_GDP_(nominal),17187,382
Frances_Sternhagen,17179,383
The_Golden_Bachelor,17127,384
Godzilla_x_Kong:_The_New_Empire,17117,385
Geert_Wilders,17094,386
Gaza_Strip,17090,387
Scott_Pilgrim_Takes_Off,17076,388
2023–24_UEFA_Europa_Conference_League,17052,389
Biggest_ball_of_twine,17036,390
The_Pirate_Bay,16968,391
2023_in_film,16929,392
Thursday_Night_Football,16925,393
XXXX_Gold,16897,394
Godzilla_(franchise),16890,395
Barbie_(film),16740,396
The_Hunger_Games_(film),16724,397
John_Cena,16723,398
Vanessa_Kirby,16714,399
Dean_Sullivan,16626,400
Pakistan,16606,401
Leonardo_DiCaprio,16603,402
Winston_Churchill,16603,402
Untitled_Grand_Theft_Auto_game,16557,404
"Prince_Philip,_Duke_of_Edinburgh",16556,405
Dave_Courtney,16553,406
Rum_Sodomy_&_the_Lash,16522,407
Ryan_Fitzpatrick,16505,408
UEFA_Europa_Conference_League,16495,409
Barbra_Streisand,16477,410
Mukesh_Kumar_(cricketer),16459,411
Dua_Lipa,16437,412
Liverpool_F.C.,16433,413
Ann_Day,16430,414
Tyla_(South_African_singer),16395,415
Tom_Cruise,16391,416
Viral_encephalitis,16379,417
Telangana_Legislative_Assembly,16379,417
2023,16287,419
Saudi_Pro_League,16270,420
New_York_City,16221,421
Japan,16201,422
12th_Fail,16175,423
Rani_Mukerji,16173,424
Canada,16157,425
List_of_most-streamed_artists_on_Spotify,16065,426
Zach_Ertz,16039,427
Mehdi_Hasan,16005,428
List_of_Super_Bowl_champions,15978,429
Nico_Paz,15943,430
Marilyn_Monroe,15932,431
Derek_Chauvin,15929,432
Wiki,15921,433
Shah_Rukh_Khan,15918,434
Elf_(film),15908,435
Mike_Tyson,15842,436
List_of_states_and_territories_of_the_United_States,15831,437
James–Lange_theory,15813,438
Sylvester_Stallone,15803,439
Aditya_Chopra,15784,440
Severomuysky_Tunnel,15781,441
Santa_Claus,15770,442
Hunter_Schafer,15766,443
Bhad_Bhabie,15762,444
All_the_Light_We_Cannot_See,15762,444
Turkmenistan,15735,446
Tom_Blyth,15724,447
Operation_Menu,15715,448
Periodic_table,15699,449
Wikimedia_Foundation,15656,450
Suleika_Jaouad,15632,451
Ranbir_Kapoor_filmography,15569,452
Emma_Myers,15568,453
Cricket,15565,454
Vijaypat_Singhania,15545,455
George_H._W._Bush,15543,456
Hanukkah,15487,457
Singapore,15461,458
Ottoman_Empire,15461,458
Jason_Statham,15460,460
Morgan_Wade_(singer),15455,461
Jonathan_Bailey,15440,462
Ryan_Reynolds,15436,463
BBC_World_Service,15432,464
"Death_of_Diana,_Princess_of_Wales",15423,465
Harrison_Ford,15402,466
Margot_Robbie,15390,467
List_of_James_Bond_films,15350,468
Kelsey_Grammer,15332,469
2_Girls_1_Cup,15321,470
Bigg_Boss_(Tamil_season_7),15270,471
A_Haunting_in_Venice,15268,472
BTS,15251,473
Vicky_Kaushal,15225,474
Jack_Quaid,15190,475
Jesus,15175,476
Payal_Ghosh,15136,477
Stripchat,15102,478
Denzel_Washington,15097,479
Sexual_intercourse,15097,479
Field_marshal_(India),15064,481
A_Murder_at_the_End_of_the_World,15045,482
Michelle_Wolf,15006,483
Post_Malone,14978,484
Brandin_Cooks,14975,485
Emma_Stone,14971,486
"Princess_Margaret,_Countess_of_Snowdon",14961,487
Limonene,14947,488
The_Crown_(TV_series),14938,489
Amy_Carlson_(cult_leader),14913,490
Jaime_Jaquez_Jr.,14902,491
Sam_Altman,14895,492
Kanye_West,14887,493
Keanu_Reeves,14875,494
George_Michael,14852,495
DeSean_Jackson,14810,496
Addison_Timlin,14795,497
A,14784,498
Take_That,14706,499
Samuel_Alito,14681,500
Jamal_Adams,14676,501
Tiny_Tim_(musician),14633,502
Cait_O'Riordan,14624,503
TikTok,14621,504
Germany,14619,505
Danielle_Harold,14617,506
"Catherine,_Princess_of_Wales",14605,507
Bing_Crosby,14596,508
Israeli–Palestinian_conflict,14591,509
Ortolan_bunting,14568,510
Franklin_D._Roosevelt,14530,511
Kate_Beckinsale,14527,512
Gautam_Singhania,14498,513
Ruth_Bader_Ginsburg,14496,514
The_Fall_of_the_House_of_Usher_(miniseries),14470,515
OpenAI,14465,516
RuPaul's_Drag_Race_UK_(series_5),14464,517
Neal_McDonough,14455,518
Song_Kang,14452,519
Richard_Sherman_(American_football),14432,520
Virgin_River_(TV_series),14430,521
Nathan_Jones_(wrestler),14401,522
William_H._Macy,14376,523
Clint_Eastwood,14363,524
Javier_Milei,14338,525
Samantha_Morton,14326,526
Kelly_Clarkson,14318,527
Muhammad,14242,528
Andrew_Ross_Sorkin,14237,529
Brie_Larson,14225,530
The_Shift_(2023_film),14211,531
Antony_Blinken,14201,532
Eileen_(film),14201,532
Mali_(elephant),14171,534
Siddhant_Karnick,14135,535
George_VI,14119,536
Rob_McElhenney,14118,537
Priscilla_Presley,14118,537
English_language,14110,539
List_of_multinational_festivals_and_holidays,14100,540
Russo-Ukrainian_War,14094,541
A_Certain_Magical_Index_III,14090,542
Conor_McGregor,14075,543
Turkey,14071,544
Rick_and_Morty_(season_7),14051,545
Al_Jazeera,14049,546
Carter_Reum,14038,547
Barry_Keoghan,14037,548
2023_Formula_One_World_Championship,14012,549
David_Stockdale,13990,550
Quandre_Diggs,13988,551
K._Chandrashekar_Rao,13985,552
Anne_Hathaway,13918,553
Special:RecentChanges,13903,554
Emma_Thompson,13877,555
Generation_Z,13860,556
Bob_Menendez,13830,557
Charlize_Theron,13829,558
Cricket_World_Cup,13808,559
Taika_Waititi,13794,560
John_Lennon,13773,561
Netherlands,13726,562
Robert_F._Kennedy_Jr.,13716,563
Atomic_bombings_of_Hiroshima_and_Nagasaki,13682,564
Meg_Ryan,13676,565
Paul_McCartney,13666,566
Bangladesh,13662,567
David_Bowie,13658,568
Dirk_Nowitzki,13646,569
Pierre-Emerick_Aubameyang,13642,570
Pizzagate_conspiracy_theory,13626,571
Sticky_Vicky,13616,572
Guayana_Esequiba,13610,573
December,13602,574
"Tesla,_Inc.",13601,575
Jennifer_Aniston,13598,576
Britney_Spears,13596,577
Prashanth_Neel,13595,578
Kaathal_–_The_Core,13584,579
The_Couple_Next_Door,13579,580
Mahatma_Gandhi,13573,581
The_Boy_and_the_Heron,13572,582
123Movies,13548,583
Queen_Victoria,13507,584
List_of_American_films_of_2023,13507,584
Harry_Potter_(film_series),13494,586
Spider-Man:_Across_the_Spider-Verse,13476,587
Juno_Temple,13464,588
Olivia_Rodrigo,13447,589
"Meghan,_Duchess_of_Sussex",13424,590
Gmail,13400,591
Thomas_Brodie-Sangster,13310,592
Love_Has_Won,13302,593
Nigel_Farage,13264,594
Indiana_Jones,13250,595
Kirk_Herbstreit,13247,596
The_Beatles,13241,597
List_of_ethnic_slurs,13226,598
Jim_Carrey,13215,599
Tom_Hardy,13212,600
Agyemang_Diawusie,13197,601
Kieran_Culkin,13175,602
Chris_Martin,13160,603
Mad_Max_2,13144,604
Von_Erich_family,13137,605
Tyreek_Hill,13096,606
George_Washington,13092,607
Achelousaurus,13087,608
Julianne_Moore,13083,609
Jason_Peters,13070,610
Apple_Inc.,13070,610
FIFA_U-17_World_Cup,13058,612
Dafne_Keen,13035,613
Kurt_Russell,13020,614
Earth,13010,615
Wikipedia:About,13008,616
Freddie_Mercury,13008,616
X_(2022_film),13006,618
Margaret_Thatcher,12956,619
Wyatt_Russell,12955,620
The_Boys_(TV_series),12953,621
Jeffrey_Dahmer,12920,622
The_Gilded_Age_(TV_series),12914,623
Soviet_Union,12901,624
The_Crown_(season_5),12895,625
Game_of_Thrones,12892,626
Steve_Jobs,12884,627
Adam_Sandler,12871,628
Brad_Pitt,12859,629
Rule_34,12854,630
The_Village_(2023_TV_series),12850,631
How_the_Grinch_Stole_Christmas_(2000_film),12847,632
Rishi_Sunak,12825,633
Tilda_Swinton,12800,634
Détente,12770,635
Bharat_Rashtra_Samithi,12761,636
You_Need_to_Calm_Down,12754,637
Cambodia,12750,638
Philippines,12748,639
Dancing_with_the_Stars_(American_season_32),12744,640
Mark_Wahlberg,12741,641
Nick_Pickard,12736,642
Anil_Kapoor,12733,643
Interstellar_(film),12724,644
From_(TV_series),12717,645
Hall_&_Oates,12716,646
American_Horror_Story,12699,647
Whitney_Houston,12687,648
Saudi_Arabia,12682,649
Patrick_Stewart,12652,650
Dream_Scenario,12651,651
Perfect_Marriage_Revenge,12646,652
Advent,12646,652
Nicolas_Cage,12645,654
Seth_MacFarlane,12641,655
Michael_Fassbender,12620,656
Spider_Stacy,12616,657
Battlegrounds_Mobile_India,12615,658
Seven_deadly_sins,12607,659
MonsterVerse,12588,660
Salman_Khan,12587,661
Vladimir_Putin,12574,662
Abraham_Lincoln,12524,663
"William,_Prince_of_Wales",12515,664
Helena_Bonham_Carter,12498,665
Natasha_Lyonne,12488,666
Ric_Flair,12479,667
Marvel_Cinematic_Universe,12476,668
Johnny_Depp,12474,669
Next_Indian_general_election,12472,670
Cillian_Murphy,12461,671
Daryl_Hall,12447,672
Alexander_the_Great,12442,673
Special:MyTalk,12412,674
Sydney_Sweeney,12402,675
Taj_Mahal,12395,676
Amazon_(company),12379,677
Frieren,12375,678
Justin_Bieber,12369,679
Kaitlin_Olson,12368,680
Charlie_Chaplin,12329,681
Gary_Oldman,12328,682
HTTP_404,12322,683
Muhammad_Ali,12318,684
Emma_Watson,12316,685
Jenna_Ortega,12313,686
In_the_Land_of_Saints_and_Sinners,12295,687
Suits_index,12264,688
Micah_Parsons,12261,689
Diana_Nyad,12256,690
Nicole_Kidman,12252,691
2024_elections_in_India,12243,692
Millennials,12219,693
Brenda_Lee,12197,694
Angelina_Jolie,12187,695
William_Shakespeare,12186,696
Zoe_Saldaña,12165,697
Neymar,12149,698
Edward_VIII,12124,699
Kim_Kardashian,12120,700
Bass_Reeves,12111,701
Ryan_Gosling,12088,702
Narendra_Modi,12084,703
Ben_Affleck,12070,704
Nobara_Kugisaki,12064,705
Brandon_Aubrey,12061,706
Real_Madrid_CF,12050,707
Principality_of_Sealand,12031,708
Vijay_(actor),12027,709
2023_Chhattisgarh_Legislative_Assembly_election,12027,709
Julia_Child,12023,711
Pol_Pot,12023,711
List_of_United_States_cities_by_population,12021,713
Pablo_Escobar,12008,714
FIFA_World_Cup,11994,715
All_I_Want_for_Christmas_Is_You,11992,716
Indonesia,11980,717
Jujutsu_Kaisen_(season_2),11964,718
Blue_Beetle_(film),11955,719
France,11954,720
Survivor_45,11952,721
Meta_Platforms,11913,722
Robin_Williams,11903,723
Yom_Kippur_War,11891,724
Grand_Theft_Auto,11891,724
Yellowstone_(American_TV_series),11890,726
Jacob_Elordi,11888,727
Scott_Pilgrim_vs._the_World,11868,728
Brazil,11855,729
Windows_10_version_history,11841,730
The_Iron_Claw_(film),11840,731
Dead_Internet_theory,11838,732
Jalen_Hurts,11822,733
Rosalía,11817,734
Good_Burger_2,11813,735
September_11_attacks,11802,736
Whamageddon,11800,737
2023–24_UEFA_Women's_Nations_League,11800,737
The_Grinch_(film),11779,739
Ariana_Grande,11752,740
2024_New_York's_3rd_congressional_district_special_election,11751,741
Emerald_Fennell,11746,742
Chaz_Bono,11733,743
Blake_Lively,11731,744
College_of_Saint_Rose,11718,745
Leaning_Tower_of_Pisa,11713,746
Marie_Antoinette,11712,747
2023_World_Women's_Handball_Championship,11711,748
Max_Rockatansky,11701,749
Dyan_Cannon,11671,750
Rosa_Parks,11667,751
Battle_of_Austerlitz,11641,752
Jussie_Smollett,11638,753
Peaky_Blinders_(TV_series),11634,754
MS_Dhoni,11623,755
Dirty_Old_Town,11609,756
Greek_alphabet,11605,757
The_Crown_(season_6),11599,758
2012_phenomenon,11591,759
Economy_of_India,11566,760
Indian_National_Congress,11565,761
Napoleon_III,11565,761
Mao_Zedong,11561,763
Alan_Rickman,11544,764
Carey_Mulligan,11542,765
Jennifer_Grant,11533,766
Khmer_Rouge,11522,767
Wikipedia:Citation_needed,11522,767
House_of_the_Dragon,11509,769
The_Big_Bang_Theory,11497,770
Google_Maps,11497,770
Noah_Kahan,11490,772
Skibidi_Toilet,11487,773
Bookie_(TV_series),11487,773
Lyndon_B._Johnson,11483,775
John_Oates,11480,776
Catherine_O'Hara,11473,777
Bobby_Wagner,11462,778
Chernobyl_disaster,11452,779
California,11413,780
Minecraft,11413,780
The_Polar_Express_(film),11413,780
The_Rolling_Stones,11399,783
Rockstar_Games,11394,784
Argentina,11382,785
Grinch,11382,785
Dennis_Quaid,11370,787
Young_Thug,11369,788
Mary_Elizabeth_Winstead,11364,789
List_of_highest-grossing_films,11349,790
Shreyas_Iyer,11348,791
Kobe_Bryant,11347,792
Mel_Gibson,11346,793
Mission:_Impossible_–_Dead_Reckoning_Part_One,11340,794
Frank_Sinatra,11323,795
Dallas_Cowboys,11309,796
Joe_(2023_film),11296,797
The_Eras_Tour,11294,798
Chalino_Sánchez,11284,799
Julius_Caesar,11277,800
Rohit_Sharma,11273,801
American_Horror_Story:_Delicate,11252,802
Dhoomam_(2023_film),11247,803
Katrina_Kaif,11237,804
Harry_Potter,11225,805
Fellow_Travelers_(miniseries),11210,806
Lewis_Hamilton,11208,807
I/O_(album),11201,808
Mount_Takahe,11200,809
Pathaan_(film),11193,810
I'm_a_Celebrity...Get_Me_Out_of_Here!_(British_TV_series),11189,811
Vietnam,11159,812
Prince_(musician),11154,813
Omegle,11142,814
Wikipedia:Contact_us,11128,815
2026_FIFA_World_Cup,11127,816
Gleno_Dam,11122,817
American_Civil_War,11120,818
The_Silencing,11114,819
Emily_Blunt,11112,820
Jason_Momoa,11110,821
Terry_Venables,11107,822
Iran,11107,822
Scott_Pilgrim,11094,824
Roman_Empire,11094,824
UFC_on_ESPN:_Dariush_vs._Tsarukyan,11086,826
Joseph_Stalin,11079,827
Sofía_Vergara,11077,828
Florence_Pugh,11070,829
Opinion_polling_for_the_next_United_Kingdom_general_election,11068,830
Ana_de_Armas,11063,831
Stephen_Hawking,11040,832
Jodie_Foster,11039,833
The_Weeknd,11031,834
Ted_Lasso,11010,835
One_Piece,11009,836
Email,11008,837
BMW_8_Series,10997,838
A_Cure_for_Wellness,10973,839
New_Zealand,10972,840
The_Trial_of_Henry_Kissinger,10962,841
"Prince_Harry,_Duke_of_Sussex",10958,842
Tupac_Shakur,10957,843
The_Amazing_Race_35,10950,844
The_Artful_Dodger_(2023_TV_series),10943,845
Saint_Nicholas,10939,846
Zooey_Deschanel,10938,847
Alejandro_Garnacho,10925,848
Jamie_Lynn_Spears,10921,849
Danny_DeVito,10910,850
The_Lobster,10909,851
Sistas_(TV_series),10903,852
"Mikey_Williams_(basketball,_born_2004)",10897,853
Dubai,10896,854
Nick_Zano,10893,855
South_Africa,10892,856
Ruturaj_Gaikwad,10888,857
Taiwan,10886,858
Sabrina_Carpenter,10885,859
Roblox,10871,860
Arsenal_F.C.,10868,861
David_Tennant,10856,862
List_of_country_calling_codes,10855,863
Switzerland,10852,864
2023_Guayana_Esequiba_crisis,10850,865
Shin_Godzilla,10848,866
Electric_battery,10848,866
JioCinema,10837,868
Thailand,10836,869
Emma_Roberts,10828,870
List_of_presidents_of_the_United_States,10811,871
Genghis_Khan,10807,872
London,10795,873
The_Curse_(American_TV_series),10791,874
Aishwarya_Rai_Bachchan,10789,875
Napoleon_II,10768,876
Sonny_Bono,10745,877
Trent_Williams,10742,878
Mike_McCarthy,10729,879
Master_X_Master,10725,880
White_elephant_gift_exchange,10719,881
The_Bear_(TV_series),10715,882
Mad_Max_Beyond_Thunderdome,10707,883
No_Hard_Feelings_(2023_film),10696,884
Madonna,10686,885
Bhagavanth_Kesari,10685,886
Natalie_Wood,10677,887
Talk_to_Me_(2022_film),10675,888
2024_Copa_América,10672,889
Ryan_Garcia,10667,890
World_Wide_Web,10667,890
Kaley_Cuoco,10665,892
Rothschild_family,10662,893
Alfred_Hitchcock_filmography,10659,894
Persimmon,10655,895
Generation_X,10654,896
Jennifer_Lopez,10648,897
Fast_X,10647,898
Royal_Rumble_(2024),10636,899
Shaquille_O'Neal,10635,900
George_V,10629,901
Jeff_Bezos,10628,902
Everything_Everywhere_All_at_Once,10615,903
Gary_Hilton,10611,904
List_of_countries_and_dependencies_by_population,10607,905
Indira_Gandhi,10559,906
Jem_Finer,10556,907
Charlie_Sheen,10555,908
Myanmar,10551,909
Gordon_Ramsay,10550,910
Julio_Iglesias,10539,911
U.S._state,10538,912
Unit_731,10537,913
Antony_(2023_film),10524,914
Angkor_Wat,10522,915
Kareem_Abdul-Jabbar,10518,916
Stephen_Curry,10517,917
Project_2025,10510,918
John_Travolta,10509,919
Sandra_Bullock,10508,920
Miley_Cyrus,10495,921
Seattle_Seahawks,10487,922
Godzilla_vs._Kong,10484,923
Tom_Brady,10481,924
Frasier_(2023_TV_series),10477,925
Coca-Cola,10464,926
Mick_Jagger,10462,927
Twin_Flames_Universe,10461,928
Heath_Ledger,10460,929
East_African_Community,10458,930
BlackRock,10456,931
Lewis_Strauss,10441,932
Italy,10431,933
Thomas_Suozzi,10417,934
Sex_Education_(TV_series),10402,935
Kiss_(band),10397,936
Amber_Heard,10389,937
Shameless_(American_TV_series),10363,938
Gran_Turismo_(film),10358,939
The_Elf_on_the_Shelf,10354,940
James_Caan,10352,941
Georgia_Tann,10344,942
Jennifer_Jason_Leigh,10343,943
Burn_(2019_film),10334,944
Doja_Cat,10317,945
Jerusalem,10302,946
Grey's_Anatomy,10278,947
Zendaya,10275,948
Generation_Alpha,10269,949
Video,10253,950
Three_Thousand_Years_of_Longing,10253,950
Arman_Tsarukyan,10250,952
You're_Losing_Me,10239,953
Rosie_Huntington-Whiteley,10230,954
Ozzy_Osbourne,10229,955
The_Last_Descent,10223,956
Hell's_Kitchen_(American_season_22),10218,957
Raipur,10217,958
Prabhas,10216,959
Jacqueline_Kennedy_Onassis,10216,959
Philip_Seymour_Hoffman,10212,961
Kate_Abdo,10212,961
Al_Michaels,10210,963
XXV_(Robbie_Williams_album),10198,964
Bob_Dylan,10198,964
Joe_Strummer,10185,966
Mohamed_Salah,10182,967
Nazi_Germany,10181,968
Ed_Helms,10180,969
Suresh_Oberoi,10159,970
Casualties_of_the_Russo-Ukrainian_War,10151,971
Gadar_2,10150,972
Dwight_D._Eisenhower,10145,973
Priyanka_Chopra,10144,974
Suki_Waterhouse,10140,975
Survivor_Series:_WarGames_(2023),10138,976
Malaysia,10138,976
Ashley_Parker_Angel,10137,978
Angus_Sampson,10132,979
Suits_(American_TV_series),10128,980
MrBeast,10120,981
Ronnie_Coleman,10112,982
Murder_of_XXXTentacion,10111,983
Max_Verstappen,10106,984
The_Hunger_Games:_Catching_Fire,10103,985
HTTP_cookie,10103,985
Zoë_Kravitz,10088,987
Jann_Mardenborough,10087,988
N._R._Narayana_Murthy,10080,989
Columbine_High_School_massacre,10077,990
York_City_F.C.,10075,991
National_Day_(United_Arab_Emirates),10065,992
Rachel_Miner,10063,993
Friends,10052,994
Lady_Gaga,10043,995
Gwyneth_Paltrow,10042,996
Nick_Cannon,10039,997
2023_MAMA_Awards,10021,998
Theodore_Roosevelt,10016,999
Rihanna,10014,1000
